{
    "application": {
        "id": "",
        "title": "maz_renfe.maestro_preferencias_internas.maestro_preferencias_internas",
        "description": "Maestro Plazas Convocatorias Internas",
        "type": "SAP_UI5_Component",
        "componentUrl": "/",
        "appUrl": "#maestro_preferencias_internas-Display",
        "navigationComponentName": "maz_renfe.maestro_preferencias_internas",
        "intentSemanticObject": "maestro_preferencias_internas",
        "intentAction": "Display",
        "html5ApplicationName": "maestropreferenciasinternas",
        "HCPParentApplicationName": ""
    },
    "assignment": {
        "groups": [
            "3f29bb6a-42cd-4832-8e33-2f1b97bfe75e-1647594510430"
        ],
        "contentPackages": [
            "d4832b3b-f3f6-4d9f-9ab5-dc4a1a3af2c1-1672737176406"
        ],
        "categories": []
    },
    "tile": {
        "type": "StaticTile",
        "title": "Maestro Plazas",
        "subtitle": "Convocatorias Internas Organización ",
        "searchKeywords": "Maestro Plazas,Convocatorias Internas Organización ",
        "displayIconUrl": "sap-icon://building",
        "displayInfoText": "",
        "size": "1x1",
        "serviceURL": "",
        "refreshInterval": ""
    }
}